"Title","Type d'évènement","Résumé","Date","Lieu de l'évènement","Lien externe","Organisteurs de l'évènement","Sponsors de l'évènement","Chemin"
"Formations Cloud IFB IBI-1","Formation","Formation sur l'utilisation de base du cloud IFB","18-10-2016","IFB, Gif-sur-Yvette","http://www.france-bioinformatique.fr/IBI1/register","","","https://www.france-bioinformatique.fr/sites/default/files/Mont_Sainte_Victoire.jpg"
"Galaxy4Bioinformatics","Formation","Formation aux bonnes pratiques d'intégration d'outils sous Galaxy","18-10-2016 to 20-10-2016","Lyon","","","","https://www.france-bioinformatique.fr/sites/default/files/logo-IFGGWG.2.0.vbd_.png"
"Galaxy4Bioinformatics","Formation","Formation aux bonnes pratiques d'intégration d'outils sous Galaxy","18-10-2016 to 20-10-2016","Lyon","","","","https://www.france-bioinformatique.fr/sites/default/files/events/microscope_94619325.jpg"
"Formations Cloud IFB IBI-1","Formation","Formation sur l'utilisation de base du cloud IFB","18-10-2016","IFB, Gif-sur-Yvette","http://www.france-bioinformatique.fr/IBI1/register","","","https://www.france-bioinformatique.fr/sites/default/files/cloudIFB_1.png"
"Formations Cloud IFB IBI-2","Formation","Utilisation avancée du cloud IFB","19-10-2016","IFB, Gif-sur-Yvette","http://www.france-bioinformatique.fr/IBI2/register","","","https://www.france-bioinformatique.fr/sites/default/files/cloudIFB_0.png"
"Conference on recent developments in Metagenomic Research","Autre","The conference program will include the latest experimental advances and technical developments in the fields of metagenomics...","21-10-2016","Auditorium Biopark, Paris","https://metagenomic2016.sciencesconf.org/","","","https://www.france-bioinformatique.fr/sites/default/files/EBA2016_0_0.jpg"
"Initiation à Galaxy","Formation","Formation ""Initiation à Galaxy""","07-11-2016","Université de Lille","https://wikis.univ-lille1.fr/bilille/formation","","","https://www.france-bioinformatique.fr/sites/default/files/logo_bilille_complet_120_120_9.png"
"Making efficient NGS data analysis softwares","Formation","GATB devel day: learn the basics of the high-performance NGS data processing GATB-Core library","09-11-2016"," Institut Henri Poincaré, Paris, France","https://gatb.inria.fr/tutorial-gatb-programming-day","","","https://www.france-bioinformatique.fr/sites/default/files/logo-inria.png"
"Introduction à la Phylogénie Moléculaire : CONCEPTS, METHODES ET OUTILS","Formation","Le C3BI propose des cours pour acquérir les notions théoriques de phylogénie et maitriser les outils et logiciels.","13-11-2016 to 24-11-2016","Institut Pasteur 25-28 rue du Dr Roux 75015 Paris","https://c3bi.pasteur.fr/training-introduction-a-la-phylogenie-moleculaire-concep...","","","https://www.france-bioinformatique.fr/sites/default/files/150x150.png"
"Analyse de données RNA-seq sous Galaxy","Formation","Séquençage haut débit, analyse du transcriptome, navigateur de génome...","15-11-2016 to 16-11-2016","PRABI-Doua, Villeurbanne","http://www.prabi.fr/spip.php?article263","","","https://www.france-bioinformatique.fr/sites/default/files/logoPRABI.png"
"5ème école de bioinformatique AVIESAN-IFB","Formation","Initiation au traitement des données de génomique obtenues par séquençage à haut débit","20-11-2016 to 25-11-2016","Roscoff","","","","https://www.france-bioinformatique.fr/sites/default/files/EBA2016_0.jpg"
"Détection et Annotation des éléments transposables dans les génomes eucaryotes","Formation","Formation sur la détection et l'annotation des éléments transposables","20-11-2016 to 22-11-2016","INRA-URGI, Centre de Versailles","https://urgi.versailles.inra.fr/content/view/full/3794","","","https://www.france-bioinformatique.fr/sites/default/files/urgi_logo.jpg"
"5ème école de bioinformatique AVIESAN-IFB","Formation","Initiation au traitement des données de génomique obtenues par séquençage à haut débit","20-11-2016 to 25-11-2016","Roscoff","","","","https://www.france-bioinformatique.fr/sites/default/files/chercheur_56441034.jpg"
"Journées SUCCES 2016","Formation","Présenter des travaux scientifiques, dans toutes les disciplines, réalisés grâce à des infrastructures de grilles de calc...","23-11-2016 to 24-11-2016","Institut de Physique du Globe, Paris","https://succes2016.sciencesconf.org/resource/page/id/7","","","https://www.france-bioinformatique.fr/sites/default/files/GDR_CNRS.png"
"Cycle « Initiation à la bioinformatique » - Module 2/4 : Alignement de séquences","Formation","Formation ""Alignement de séquences""","24-11-2016 to 25-11-2016","Université de Lille","https://wikis.univ-lille1.fr/bilille/formation","","","https://www.france-bioinformatique.fr/sites/default/files/logo_bilille_complet_120_120_2.png"
"Workflow4Metabolomics 2016","Formation","Using Galaxy and the Workflow4metabolomics infrastructureto analyse metabolomics data","28-11-2016 to 02-12-2016","Roscoff, France","http://workflow4metabolomics.org/training/w4mcourse2016","","","https://www.france-bioinformatique.fr/sites/default/files/logoW4M.png"
"Journée de rencontre autour de Snakemake","","Introduire Snakemake et vous permettre de présenter vos projets et retour d'expériences","12-12-2016","Bâtiment Lwoff – Salle retrovirus, Institut Pasteur, Paris","https://c3bi.pasteur.fr/news-journee-snakemake/","","","https://www.france-bioinformatique.fr/sites/default/files/logo_ge.png"
"European Galaxy Developer Workshop","Formation","","15-01-2017 to 18-01-2017","Strasbourg","","","","https://www.france-bioinformatique.fr/sites/default/files/150x150.png"
"European Galaxy Developer Workshop","Formation","European edition of the Galaxy for Bioinformatics Workshop","16-01-2017 to 19-01-2017","Strasbourg, France","","","","https://www.france-bioinformatique.fr/sites/default/files/events/strasbourg.png"
"European Galaxy Developer Workshop","Formation","European edition of the Galaxy for Bioinformatics Workshop","16-01-2017 to 19-01-2017","Strasbourg, France","","","","https://www.france-bioinformatique.fr/sites/default/files/egdw2017-sponsors.jpg"
"Réunions IFB","Réunion","Assemblée générale 2017","30-01-2017 to 31-01-2017","Institut Pasteur Paris","","","","https://www.france-bioinformatique.fr/sites/default/files/150x150.png"
"Réunions IFB","Réunion","Assemblée générale 2017","30-01-2017 to 31-01-2017","Institut Pasteur Paris","","","","https://www.france-bioinformatique.fr/sites/default/files/AG_grouppic.png"
"Cycle « Analyse de données de séquençage à haut-débit » - Module 1/5 : Analyses ADN","Formation","Formation ""Analyses ADN""","06-02-2017 to 07-02-2017","Université de Lille","https://wikis.univ-lille1.fr/bilille/formation","","","https://www.france-bioinformatique.fr/sites/default/files/logo_bilille_complet_120_120_3.png"
"Montpellier Omics Days 2017","","Manifestation scientifique gratuite organisée dans le cadre de l’Unité d’Enseignement « Omiques »","06-02-2017 to 07-02-2017","Montpellier","https://mod2017.fr/","","","https://www.france-bioinformatique.fr/sites/default/files/logo_Mod2017.png"
"How to use South Green HPC (IRD cluster)?","Formation","","07-02-2017","Centre IRD Montpellier","","","","https://www.france-bioinformatique.fr/sites/default/files/150x150.png"
"Cycle « Initiation à la bioinformatique » - Module 3/4 : Prédiction de gènes et annotation de protéines","Formation","Formation ""Prédiction de gènes et annotation de protéines""","16-02-2017 to 17-02-2017","Université de Lille","https://wikis.univ-lille1.fr/bilille/formation","","","https://www.france-bioinformatique.fr/sites/default/files/logo_bilille_complet_120_120_7.png"
"Metagenomic amplicon analysis/Frogs","Formation","","19-02-2017 to 22-02-2017","Salle de formation Inra","","","","https://www.france-bioinformatique.fr/sites/default/files/150x150.png"
"TOGGLe, a workflow manager to performe large-scale NGS analysis","Formation","","19-02-2017","Centre IRD Montpellier","","","","https://www.france-bioinformatique.fr/sites/default/files/150x150.png"
"Phylogénie","Formation","","23-02-2017","LISBP","","","","https://www.france-bioinformatique.fr/sites/default/files/150x150.png"
"Python avance","Formation","","28-02-2017","Jouy en Josas","","","","https://www.france-bioinformatique.fr/sites/default/files/150x150.png"
"Initiation à R","Formation","","04-03-2017 to 05-03-2017","Jouy en Josas","","","","https://www.france-bioinformatique.fr/sites/default/files/150x150.png"
"Rrr - Rapide IntRoduction à R (R pour la génomique)","Formation","","05-03-2017 to 16-03-2017","ICM","","","","https://www.france-bioinformatique.fr/sites/default/files/150x150.png"
"Unix","Formation","","05-03-2017","Salle de formation Inra","","","","https://www.france-bioinformatique.fr/sites/default/files/150x150.png"
"Formation Genotoul Linux/Unix","Formation","Accéder à la plate­‐forme, utiliser un environnement Unix, créer, manipuler et transférer des fichiers en ligne de commande ...","06-03-2017","Auzeville-Tolosane","http://bioinfo.genotoul.fr/index.php/events/linux/","","","https://www.france-bioinformatique.fr/sites/default/files/Sig_Genotoul_1_1.jpg"
"Cluster","Formation","","06-03-2017","Salle de formation Inra","","","","https://www.france-bioinformatique.fr/sites/default/files/150x150.png"
"Formation au cluster Genotoul","Formation","Cette formation explique comment on se sert du cluster et des banques de données installées sur la plate-forme.","07-03-2017","Auzeville-Tolosane","http://bioinfo.genotoul.fr/index.php/events/cluster/","","","https://www.france-bioinformatique.fr/sites/default/files/Sig_Genotoul_1_0.jpg"
"Formation MIGALE - Initiation à R","Formation","Initiation à R","07-03-2017","Jouy en Josas","http://migale.jouy.inra.fr/?q=fr/formations","","","https://www.france-bioinformatique.fr/sites/default/files/logo-inra_0_0_0.png"
"Initiation à Python","Formation","","07-03-2017 to 08-03-2017","Jouy en Josas","","","","https://www.france-bioinformatique.fr/sites/default/files/150x150.png"
"Read alignment and small size variants calling","Formation","","07-03-2017 to 08-03-2017","Salle de formation Inra","","","","https://www.france-bioinformatique.fr/sites/default/files/150x150.png"
"Read alignment and SNP calling","Formation","Découvrir les formats de sortie des séquenceurs nouvelle génération, les nouveaux formats d’assemblage et les biais connus ...","08-03-2017","Auzeville-Tolosane","http://bioinfo.genotoul.fr/index.php/events/alignment-and-small-size-variants-ca...","","","https://www.france-bioinformatique.fr/sites/default/files/Sig_Genotoul_1_1.jpg"
"Formation MIGALE - Initiation à Python","Formation","Initiation à la programmation.  Réalisation de tâches simples d'extractions d'informations.","08-03-2017","Jouy en Josas","http://migale.jouy.inra.fr/?q=fr/formations","","","https://www.france-bioinformatique.fr/sites/default/files/logo-inra_0_0_0.png"
"Formation MIGALE - Python avancé","Formation","Etre autonome pour des manipulations simples visant à extraire, reformater des données issues de fichiers texte.","10-03-2017","Jouy en Josas","http://migale.jouy.inra.fr/?q=fr/formations","","","https://www.france-bioinformatique.fr/sites/default/files/logo-inra_0_0_0.png"
"Initiation à Galaxy","Formation","","12-03-2017","Jouy en Josas","","","","https://www.france-bioinformatique.fr/sites/default/files/150x150.png"
"Annotation and Analysis of Procaryotic genomes using the MicroScope platform","Formation","","12-03-2017 to 16-03-2017","Faculté d'Evry Val d'Essonne","","","","https://www.france-bioinformatique.fr/sites/default/files/150x150.png"
"NGS sous Galaxy","Formation","","13-03-2017","Jouy en Josas","","","","https://www.france-bioinformatique.fr/sites/default/files/150x150.png"
"Analyse primaire de données issues de séquenceurs nouvelle génération sous Galaxy","Formation","Connaître les concepts et méthodes bioinformatiques utilisés pour l’analyse primaire de données issues de NGS...","14-03-2017","unité MaIAGE, Jouy-en-Josas","http://migale.jouy.inra.fr/?q=fr/formations","","","https://www.france-bioinformatique.fr/sites/default/files/logo-inra_0_0_1.png"
"Analyse bioinformatique de données RNA-Seq sous Galaxy","Formation","","14-03-2017","Jouy en Josas","","","","https://www.france-bioinformatique.fr/sites/default/files/150x150.png"
"Analyse statistique de données RNA-Seq - Recherche des régions d'intérêt différentiellement exprimées (R, RStudio et Galaxy)","Formation","","15-03-2017 to 16-03-2017","Jouy en Josas","","","","https://www.france-bioinformatique.fr/sites/default/files/150x150.png"
"Formation MIGALE - Analyse statistique RNA-seq sous Galaxy","Formation","Recherche des régions d'intérêt différentiellement exprimées (R, RStudio et Galaxy) ","16-03-2017","Jouy en Josas","http://migale.jouy.inra.fr/?q=fr/formations","","","https://www.france-bioinformatique.fr/sites/default/files/logo-inra_0_0_0.png"
"Ecole Thématique Internationale en Biologie des Systèmes Computationnelle","Formation","Sensibiliser les chercheurs à la richesse et à l’élégance des problématiques de biologie systémique","19-03-2017 to 25-03-2017","Aussois","https://project.inria.fr/compsysbio2017","IFB","","https://www.france-bioinformatique.fr/sites/default/files/logo-inria_0_0.png"
"Scientific Programming in Python","Formation","This course is intended for PhD students, engineers and research scientists willing to acquire knowledge in scientific programming","19-03-2017 to 30-03-2017","Institut Pasteur","","","","https://www.france-bioinformatique.fr/sites/default/files/150x150.png"
": Analyse in silico de structures 3D de protéines. Modélisation par homologie de protéines homologues, sauvage et mutées, arrimage de ligands.","Formation","","22-03-2017 to 23-03-2017","Jouy en Josas","","","","https://www.france-bioinformatique.fr/sites/default/files/150x150.png"
"Formation MIGALE - Modélisation 3D des protéines","Formation","Analyse in silico de structures 3D de protéines. Modélisation par homologie de protéines homologues, sauvage et mutées...","23-03-2017","Jouy en Josas","http://migale.jouy.inra.fr/?q=fr/formations","","","https://www.france-bioinformatique.fr/sites/default/files/logo-inra_0_0_0.png"
"Analyse de données métagénomiques 16S","Formation","","26-03-2017 to 29-03-2017","Jouy en Josas","","","","https://www.france-bioinformatique.fr/sites/default/files/150x150.png"
"Bioinformatique pour le traitement de données de séquençage (NGS) ","Formation","","26-03-2017 to 30-03-2017","Montpellier","","","","https://www.france-bioinformatique.fr/sites/default/files/150x150.png"
"COURS PROGRAMMATION SCIENTIFIQUE EN PYTHON","Formation","","26-03-2017 to 30-03-2017","Institut Pasteur","https://www.pasteur.fr/fr/programmation-scientifique-python","","","https://www.france-bioinformatique.fr/sites/default/files/150x150.png"
"Bioinformatique pour le traitement de données de séquençage (NGS)","Formation","Bioinformatics for NGS data analysis","27-03-2017 to 31-03-2017","Montpellier","http://cnrsformation.cnrs.fr/stage-17010-Bioinformatique-pour-le-traitement-de-d...","","","https://www.france-bioinformatique.fr/sites/default/files/logo-cnrs_0_0.png"
"Cours MIGALE - Analyse de données métagénomiques 16S","Formation","Formation dédiée à l'analyse de données de type ""métagénomique amplicon"" issues des technolo-gies de séquençage 454 et Illumina.","27-03-2017","Jouy en Josas","http://migale.jouy.inra.fr/?q=fr/formations","","","https://www.france-bioinformatique.fr/sites/default/files/logo-inra_0_0_2.png"
"Journée thématique scientifique PF AuBi","Réunion","C. Gaspin, annotation des ARNnc: méthodes et outils d'aujourd'hui et de demain. Projets & Besoins Bioinfos - Mésocentre","30-03-2017","Plateau des Cézeaux, Aubière ","","","","https://www.france-bioinformatique.fr/sites/default/files/Chaine%20des%20Puys_4923.jpg"
"Journée thématique scientifique PF AuBi","Réunion","C. Gaspin, annotation des ARNnc: méthodes et outils d'aujourd'hui et de demain. Projets & Besoins Bioinfos - Mésocentre","30-03-2017","Plateau des Cézeaux, Aubière ","","","","https://www.france-bioinformatique.fr/sites/default/files/UCA.png"
"Bioinformatics of protein--protein interactions for wet lab scientists","Formation","","02-04-2017 to 06-04-2017","Institut Pasteur","https://c3bi.pasteur.fr/training-bioinformatics-of-protein%C2%ADprotein-interact...","","","https://www.france-bioinformatique.fr/sites/default/files/150x150.png"
"École thématique – Bioinformatics of protein­-protein interactions for wet lab scientists","Formation","Bioinformatics of protein­-protein interactions for wet lab scientists","03-04-2017 to 07-04-2017","Institut Pasteur","https://c3bi.pasteur.fr/training-bioinformatics-of-protein%C2%ADprotein-interact...","Pasteur","","https://www.france-bioinformatique.fr/sites/default/files/ppi-logo_V2_small.png"
"R - Initiation","Formation","","03-04-2017","ROSCOFF","","","","https://www.france-bioinformatique.fr/sites/default/files/150x150.png"
"R - Advanced","Formation","","04-04-2017","Roscoff","","","","https://www.france-bioinformatique.fr/sites/default/files/150x150.png"
"Cycle « Analyse de données de séquençage à haut-débit » - Module 2/5 : Analyses RNA-seq","Formation","Formation "" Analyses RNA-seq""","05-04-2017 to 07-04-2017","Université de Lille","https://wikis.univ-lille1.fr/bilille/formation","","","https://www.france-bioinformatique.fr/sites/default/files/logo_bilille_complet_120_120_0.png"
"Initiation à GO-Docker","Formation","","17-04-2017","Rennes","","","","https://www.france-bioinformatique.fr/sites/default/files/150x150.png"
"International Conference on Holobionts","Autre","Highlight major advances in defining the key roles of host-borne microbiota in the ecology and evolution of higher organisms ...","19-04-2017 to 21-04-2017","Muséum National d'Histoire Naturelle, Paris","https://symposium.inra.fr/holobiont-paris2017","","","https://www.france-bioinformatique.fr/sites/default/files/logo-inra_0_0.png"
"Annotation formelle pour la fouille de texte","Formation","","01-05-2017","Jouy en Josas","","","","https://www.france-bioinformatique.fr/sites/default/files/150x150.png"
" Traitement bioinformatique des données RNA-Seq","Formation","","02-05-2017 to 03-05-2017","Jouy en Josas","","","","https://www.france-bioinformatique.fr/sites/default/files/150x150.png"
"Linux et script pour la bioinformatique","Formation","","02-05-2017 to 03-05-2017","Montpellier","http://cnrsformation.cnrs.fr/stage-17285-Linux-et-script-pour-la-bioinformatique...","","","https://www.france-bioinformatique.fr/sites/default/files/150x150.png"
"Formation MIGALE - Traitements bioinfo RNA-seq ","Formation","Traitement bioinformatique des données RNA-Seq","03-05-2017","Jouy en Josas","http://migale.jouy.inra.fr/?q=fr/formations","","","https://www.france-bioinformatique.fr/sites/default/files/logo-inra_0_0_0.png"
"Initiation à Perl","Formation","","08-05-2017 to 09-05-2017","Jouy en Josas","","","","https://www.france-bioinformatique.fr/sites/default/files/150x150.png"
"Formation MIGALE - Initiation à Perl","Formation","Initiation à la programmation.  Identifier les possibilités offertes par l’écriture de quelques lignes de code...","09-05-2017","Jouy en Josas","http://migale.jouy.inra.fr/?q=fr/formations","","","https://www.france-bioinformatique.fr/sites/default/files/logo-inra_0_0_0.png"
"Perl avancé","Formation","","10-05-2017","Jouy en Josas","","","","https://www.france-bioinformatique.fr/sites/default/files/150x150.png"
"Cours MIGALE - Perl avancé","Formation","Aller plus loin avec Perl afin d’être autonome pour des manipulations complexes visant à extraire et reformater des données iss...","11-05-2017","Jouy en Josas","http://migale.jouy.inra.fr/?q=fr/formations","","","https://www.france-bioinformatique.fr/sites/default/files/logo-inra_0_0_0.png"
"Cycle « Initiation à la bioinformatique » - Module 4/4 : Initiation à la reconstruction phylogénétique en biologie moléculaire","Formation","Formation ""Initiation à la reconstruction phylogénétique en biologie moléculaire""","11-05-2017 to 12-05-2017","Université de Lille","https://wikis.univ-lille1.fr/bilille/formation","","","https://www.france-bioinformatique.fr/sites/default/files/logo_bilille_complet_120_120_8.png"
"Atelier Inserm 246 | Gestion et réutilisation des données en santé : enjeux méthodologiques","Formation","Aperçu des outils et bonnes pratiques pour une meilleure gestion, un partage responsable et une réutilisation des données en sant","15-05-2017 to 17-05-2017","Bordeaux","https://ateliersinserm.dakini.fr/atelier.246.gestion.et.reutilisation.des.donnee...","","","https://www.france-bioinformatique.fr/sites/default/files/inserm_0.png"
"Formation MIGALE - Annotation de génomes microbiens","Formation","Module en préparation ...","15-05-2017","Jouy en Josas","http://migale.jouy.inra.fr/?q=fr/formations","","","https://www.france-bioinformatique.fr/sites/default/files/logo-inra_0_0_0.png"
"Linux - Initiation","Formation","","15-05-2017","Roscoff","","","","https://www.france-bioinformatique.fr/sites/default/files/150x150.png"
"Développement d'outils galaxy pour l'imagerie","Formation","","15-05-2017 to 16-05-2017","Nantes","","","","https://www.france-bioinformatique.fr/sites/default/files/150x150.png"
"RNAseq alignment and transcript assemblies with statistics","Formation","","15-05-2017 to 18-05-2017","Salle de formation Inra","","","","https://www.france-bioinformatique.fr/sites/default/files/150x150.png"
"G4I","Formation","Galaxy4Imaging : Formation à l'intégration d'outils sous Galaxy dans le domaine de l'imagerie","16-05-2017 to 17-05-2017","Nantes","","IFB","","https://www.france-bioinformatique.fr/sites/default/files/events/microscope_94619325.jpg"
"G4I","Formation","Galaxy4Imaging : Formation à l'intégration d'outils sous Galaxy dans le domaine de l'imagerie","16-05-2017 to 17-05-2017","Nantes","","IFB","","https://www.france-bioinformatique.fr/sites/default/files/log_G4B.png"
"Linux advanced","Formation","","16-05-2017","Roscoff","","","","https://www.france-bioinformatique.fr/sites/default/files/150x150.png"
"Cluster - Usage ","Formation","","17-05-2017","Roscoff","","","","https://www.france-bioinformatique.fr/sites/default/files/150x150.png"
"RNASeq with Galaxy","Formation","","22-05-2017 to 23-05-2017","Roscoff","","","","https://www.france-bioinformatique.fr/sites/default/files/150x150.png"
"How to use South Green HPC (IRD cluster)?","Formation","","28-05-2017","IRD, Montpellier","","","","https://www.france-bioinformatique.fr/sites/default/files/150x150.png"
"Workflow4Experimenters  ","Formation","","28-05-2017 to 01-06-2017","Paris Pasteur","","","","https://www.france-bioinformatique.fr/sites/default/files/150x150.png"
"Workflow4Experimenters International Course ","Formation","Workflow4Experimenters International Course ","29-05-2017 to 02-06-2017","Pasteur Institute, PARIS","","","","https://www.france-bioinformatique.fr/sites/default/files/DSC08244_0.png"
"Workflow4Experimenters International Course ","Formation","Workflow4Experimenters International Course ","29-05-2017 to 02-06-2017","Pasteur Institute, PARIS","","","","https://www.france-bioinformatique.fr/sites/default/files/logo-w4e2017.jpg"
"Training on GnpIS for BreedWheat data","Formation","","29-05-2017","Webinar","","","","https://www.france-bioinformatique.fr/sites/default/files/150x150.png"
"Rrr - Rapide IntRoduction à R (R pour la génomique)","Formation","","30-05-2017 to 01-06-2017","ICM","","","","https://www.france-bioinformatique.fr/sites/default/files/150x150.png"
"Journées ""ReproHackathon""","Autre","Hackathon ReProVirtuFlow visant à tester les capacités des systèmes de workflows à reproduire une expérience scientifique","01-06-2017 to 02-06-2017","1 avenue de la terasse, Gif-sur-Yvette","","","","https://www.france-bioinformatique.fr/sites/default/files/events/ADN_2_1792275.jpg"
"Journées ""ReproHackathon""","Autre","Hackathon ReProVirtuFlow visant à tester les capacités des systèmes de workflows à reproduire une expérience scientifique","01-06-2017 to 02-06-2017","1 avenue de la terasse, Gif-sur-Yvette","","","","https://www.france-bioinformatique.fr/sites/default/files/logo-madics.png"
"Training on annotation of transposable elements","Formation","","05-06-2017 to 08-06-2017","INRA-URGI-Versailles","","","","https://www.france-bioinformatique.fr/sites/default/files/150x150.png"
"Python for Biology","Formation","Formantion payante du catalogue CNRS","06-06-2017 to 08-06-2017","CBiB, Bordeaux","https://cnrsformation.cnrs.fr/stage-17266-Python-pour-la-biologie.html?axe=65","","","https://www.france-bioinformatique.fr/sites/default/files/cbib.png"
"Data Analysis boot camp","Formation","This course will give participants basic skills and hands-on training in biostatistics and descriptive data analysis.","06-06-2017 to 15-06-2017","Institut Pasteur","https://www.pasteur.fr/en/data-analysis-boot-camp","Pasteur","","https://www.france-bioinformatique.fr/sites/default/files/logo_IP.png"
"Cycle « Analyse de données de séquençage à haut-débit » - Module 3/5 : Analyses ChIP-seq","Formation","Formation ""Analyses ChIP-seq""","12-06-2017 to 13-06-2017","Université de Lille","https://wikis.univ-lille1.fr/bilille/formation","","","https://www.france-bioinformatique.fr/sites/default/files/logo_bilille_complet_120_120_4.png"
"Formation librairie GATB","Formation","","15-06-2017","Montpellier","","","","https://www.france-bioinformatique.fr/sites/default/files/150x150.png"
"« STATIMAGE», Statistiques pour l’imagerie de microscopie","Formation","","18-06-2017 to 20-06-2017","CIEP, Sèvres","https://france-bioimaging.org/fr/events/statimage-statistiques-pour-limagerie-de...","","","https://www.france-bioinformatique.fr/sites/default/files/150x150.png"
"Rendre ses outils disponibles sur un cloud OpenStack","Formation","","19-06-2017","IBMP (UPR2357)","","","","https://www.france-bioinformatique.fr/sites/default/files/150x150.png"
"Analyse de données métagénomiques 16S","Formation","","19-06-2017 to 22-06-2017","Jouy en Josas","","","","https://www.france-bioinformatique.fr/sites/default/files/150x150.png"
"Annotation of transposable elements (in the frame of Genome assembly and annotation course","Formation","","21-06-2017","Ljubjana (Slovenie)","","","","https://www.france-bioinformatique.fr/sites/default/files/150x150.png"
"Analyse avancée de séquences sur mesure","Formation","","25-06-2017 to 26-06-2017","BIOMNIS, Lyon","","","","https://www.france-bioinformatique.fr/sites/default/files/150x150.png"
"GCC 2017","Autre","GCC2017 is the 8th annual gathering of the Galaxy community","26-06-2017 to 30-06-2017","Montpellier","https://gcc2017.sciencesconf.org","","","https://www.france-bioinformatique.fr/sites/default/files/logoGCC_2019.png"
"Workshop Web Viewers","Formation","","27-06-2017","Laboratoire MTi, Paris","","","","https://www.france-bioinformatique.fr/sites/default/files/150x150.png"
"Mini-workshop Web viewers","Autre","Un mini workshop de 1 jour sur les viewers javascript 2D/3D se tiendra le 28 juin à RPBS, Paris.","28-06-2017","Univ. Paris Diderot, Paris","http://bioserv.rpbs.univ-paris-diderot.fr/events.html","","","https://www.france-bioinformatique.fr/sites/default/files/logo_RPBS.png"
"Module 2 : RNAseq bioinformatic from sequence to expression level smallRNA & isoform (eukaryote)","Formation","","29-06-2017","Gif sur Yvette","","","","https://www.france-bioinformatique.fr/sites/default/files/150x150.png"
"Metagenomic amplicon analysis with stats","Formation","","02-07-2017 to 05-07-2017","Salle de formation Inra","","","","https://www.france-bioinformatique.fr/sites/default/files/150x150.png"
"Formation CeSGO","Formation","","02-07-2017","Rennes","","","","https://www.france-bioinformatique.fr/sites/default/files/150x150.png"
"Sequence analysis of amplicons from MiSeq and 454 sequencing with FROGS with Galaxy first step and statistics","Formation","Training designed to help you to deal with NGS data of 16S, 18S, DNA produced with MiSeq from Illumina and Roche 454 techno...","03-07-2017","Auzeville-Tolosane","http://bioinfo.genotoul.fr/index.php/events/metagenomic-amplicons-and-stats/","","","https://www.france-bioinformatique.fr/sites/default/files/FROGS_logo_0_0.png"
"Genopole Summer School","Formation","Bioinformatic and Biostatistic tools in medical genomics","04-07-2017 to 07-07-2017","Châteauform' Seine Port (77)","","","","https://www.france-bioinformatique.fr/sites/default/files/genopolelogo.jpg"
" JDEV 2017 inscriptions et appel à communications ","Autre","Les sujets abordés aux Journées du développement logiciel tournent autour du bigdata, du web-sémantique du traitement des données","04-07-2017 to 07-07-2017","Marseille centre","http://www.jdev2017.fr","","","https://www.france-bioinformatique.fr/sites/default/files/events/ADN_20171351.jpg"
"Genopole Summer School","Formation","Bioinformatic and Biostatistic tools in medical genomics","04-07-2017 to 07-07-2017","Châteauform' Seine Port (77)","","","","https://www.france-bioinformatique.fr/sites/default/files/ThinkstockPhotos-466961269.jpg"
" JDEV 2017 inscriptions et appel à communications ","Autre","Les sujets abordés aux Journées du développement logiciel tournent autour du bigdata, du web-sémantique du traitement des données","04-07-2017 to 07-07-2017","Marseille centre","http://www.jdev2017.fr","","","https://www.france-bioinformatique.fr/sites/default/files/jdevlogo2017_min.png"
"Introduction à Unix/Linux pour les biologistes","Formation","","02-09-2017 to 14-10-2017","Lyon","","","","https://www.france-bioinformatique.fr/sites/default/files/150x150.png"
"Data collection and registration of Expert Centres for Orphanet information scientists","Formation","","14-09-2017","Paris (à distance)","","","","https://www.france-bioinformatique.fr/sites/default/files/150x150.png"
"Data collection and registration of Patient organisations for Orphanet information scientists","Formation","","18-09-2017","Paris (à distance","","","","https://www.france-bioinformatique.fr/sites/default/files/150x150.png"
"Formation CeSGO","Formation","","20-09-2017","Rennes","","","","https://www.france-bioinformatique.fr/sites/default/files/150x150.png"
"Data collection and registration of Research Projects for Orphanet information scientists","Formation","","21-09-2017","Paris (à distance)","","","","https://www.france-bioinformatique.fr/sites/default/files/150x150.png"
"Data collection and registration of Clinical Trials for Orphanet information scientists","Formation","","24-09-2017","Paris (à distance)","","","","https://www.france-bioinformatique.fr/sites/default/files/150x150.png"
"Annotation and Analysis of Procaryotic genomes using the MicroScope platform","Formation","","24-09-2017 to 28-09-2017","Université d'Evry Val d'Essonne","","","","https://www.france-bioinformatique.fr/sites/default/files/150x150.png"
"Formation ""Annotation & Analyse de Génomes Procaryotes - Mise en oeuvre de la Plateforme MicroScope""","Formation","Formations dédiées à l'analyse de génomes bactériens via l'utilisation de la plate-forme MicroScope.","25-09-2017 to 29-09-2017","Evry, France","https://www.genoscope.cns.fr/agc/microscope/training","","","https://www.france-bioinformatique.fr/sites/default/files/logolabgem.png"
"Data collection and registration of Diagnostic tests for Orphanet information scientists","Formation","","28-09-2017","Paris (à distance)","","","","https://www.france-bioinformatique.fr/sites/default/files/150x150.png"
"Guide de survie à Perl pour la bioinformatique","Formation","","01-10-2017 to 05-10-2017","ISRA, Dakar (Sénégal)","","","","https://www.france-bioinformatique.fr/sites/default/files/150x150.png"
"Survival Guide for Perl applied to Bioinformatics","Formation","This course provides an introduction to programming using Perl.","01-10-2017 to 05-10-2017","ISRA, Bel Air, Dakar (Sénégal)","https://southgreenplatform.github.io/trainings//perl/","","","https://www.france-bioinformatique.fr/sites/default/files/150x150.png"
"Administration système d'un cluster de calcul bilinformatique","Formation","","01-10-2017 to 03-10-2017","ISRA, Dakar (Sénégal)","","","","https://www.france-bioinformatique.fr/sites/default/files/150x150.png"
"Cycle « Analyse de données de séquençage à haut-débit » - Module 4/5 : Analyses de variants","Formation","Formation ""Analyses de variants""","02-10-2017 to 04-10-2017","Université de Lille","https://wikis.univ-lille1.fr/bilille/formation","","","https://www.france-bioinformatique.fr/sites/default/files/logo_bilille_complet_120_120_5.png"
"How to use a  bioinformatic HPC? ","Formation","","05-10-2017","ISRA, Dakar (Sénégal)","","","","https://www.france-bioinformatique.fr/sites/default/files/150x150.png"
"Phylogénie moléculaire","Formation","","08-10-2017 to 12-10-2017","Montpellier","","","","https://www.france-bioinformatique.fr/sites/default/files/150x150.png"
"Phylogénie moléculaire","Formation","La plateforme ATGC organise une formation en phylogenie moleculaire a Montpellier sur 5 jours","09-10-2017 to 13-10-2017","Montpellier","http://cnrsformation.cnrs.fr/stage-17007-Phylogenie-moleculaire-%28Montpellier%2...","","","https://www.france-bioinformatique.fr/sites/default/files/logo-cnrs_0_0.png"
"BioContainers Hackathon 2017","Autre","Accelerate and consolidate the Containers Platform as a Service, and the integration with other groups like Workflows & workben...","09-10-2017 to 11-10-2017","Henri Poinricaré, Paris","https://www.eventbrite.co.uk/e/biocontainers-hackathon-reproducible-bioinformati...","","","https://www.france-bioinformatique.fr/sites/default/files/events/montagne_91181619.jpg"
"BioContainers Hackathon 2017","Autre","Accelerate and consolidate the Containers Platform as a Service, and the integration with other groups like Workflows & workben...","09-10-2017 to 11-10-2017","Henri Poinricaré, Paris","https://www.eventbrite.co.uk/e/biocontainers-hackathon-reproducible-bioinformati...","","","https://www.france-bioinformatique.fr/sites/default/files/Elixir_logo_3.jpg"
"Training: Synteny data visualization into GnpIS","Formation","","09-10-2017","Webinar","","","","https://www.france-bioinformatique.fr/sites/default/files/150x150.png"
"Training for Orphanet Junior Information Scientists","Formation","","10-10-2017 to 12-10-2017","Paris, France","","","","https://www.france-bioinformatique.fr/sites/default/files/150x150.png"
"Training for Orphanet Senior Information Scientists","Formation","","10-10-2017 to 12-10-2017","Paris, France","","","","https://www.france-bioinformatique.fr/sites/default/files/150x150.png"
"Standardizing phenotyping experimental data","Formation","","17-10-2017","Webinar","","","","https://www.france-bioinformatique.fr/sites/default/files/150x150.png"
"Introduction à R","Formation","","17-10-2017 to 19-10-2017","Villeurbanne","","","","https://www.france-bioinformatique.fr/sites/default/files/150x150.png"
"Introduction au logiciel R ","Formation","Acquérir les compétences nécessaires à l’utilisation du logiciel R, connaître les principales analyses statistiques ...","18-10-2017 to 20-10-2017","Lyon","http://www.biosciencesco.fr/formation-continue/bio-informatique/formation-au-log...","","","https://www.france-bioinformatique.fr/sites/default/files/logoPRABI_1.png"
"Analyse avancée de séquences","Formation","","22-10-2017 to 24-10-2017","CBiB","","","","https://www.france-bioinformatique.fr/sites/default/files/150x150.png"
"Infrastructure de calcul et analyses en bio-informatique","Formation","","22-10-2017 to 26-10-2017","Agrocampus Rennes","","","","https://www.france-bioinformatique.fr/sites/default/files/150x150.png"
"Linking gene and function, comparative genomics tools for biologists","Formation","","23-10-2017 to 25-10-2017","Institut Pasteur","https://c3bi.pasteur.fr/training-linking-gene-and-function-comparative-genomics-...","","","https://www.france-bioinformatique.fr/sites/default/files/150x150.png"
"Annotation of transposable elements (in the frame of Genome assembly and annotation course","Formation","","25-10-2017","Lisbonne (Portugal)","","","","https://www.france-bioinformatique.fr/sites/default/files/150x150.png"
"Initiation au cloud computing","Formation","","01-11-2017","Rennes","","","","https://www.france-bioinformatique.fr/sites/default/files/150x150.png"
"Metagenomic amplicon analysis with stats","Formation","","05-11-2017 to 08-11-2017","Salle de formation Inra","","","","https://www.france-bioinformatique.fr/sites/default/files/150x150.png"
"Assemblage de génome","Formation","","05-11-2017","Université Montpellier 1","","","","https://www.france-bioinformatique.fr/sites/default/files/150x150.png"
"Utilisation des outils d'interprétation des données de protéomique MSDA et Proline","Formation","","06-11-2017","IPHC - Strasbourg","","","","https://www.france-bioinformatique.fr/sites/default/files/150x150.png"
"Linux et script pour la bioinformatique ","Formation","","06-11-2017 to 07-11-2017","Montpellier","","","","https://www.france-bioinformatique.fr/sites/default/files/150x150.png"
"Initiation à l’Analyse des données RNAseq sous l’environnement Galaxy","Formation","","07-11-2017 to 09-11-2017","Nantes","","","","https://www.france-bioinformatique.fr/sites/default/files/150x150.png"
"Aterlier de Bioinformatique (participation à)","Formation","","11-11-2017 to 16-11-2017","Roscoff","","","","https://www.france-bioinformatique.fr/sites/default/files/150x150.png"
"6ème école de bioinformatique AVIESAN-IFB","Formation","","11-11-2017","Roscoff","","","","https://www.france-bioinformatique.fr/sites/default/files/150x150.png"
"6ème école de bioinformatique AVIESAN-IFB","Formation","Initiation au traitement des données de génomique obtenues par séquençage à haut débit","12-11-2017 to 17-11-2017","Roscoff","","","","https://www.france-bioinformatique.fr/sites/default/files/image002.png"
"6ème école de bioinformatique AVIESAN-IFB","Formation","Initiation au traitement des données de génomique obtenues par séquençage à haut débit","12-11-2017 to 17-11-2017","Roscoff","","","","https://www.france-bioinformatique.fr/sites/default/files/EBA2016_0_1.jpg"
"Ecole AVIESAN ITMO EBA ","Formation","","12-11-2017 to 16-11-2017","Roscoff","","","","https://www.france-bioinformatique.fr/sites/default/files/150x150.png"
"How to use South Green HPC (IRD cluster)?","Formation","","12-11-2017","Centre IRD Montpellier","","","","https://www.france-bioinformatique.fr/sites/default/files/150x150.png"
"Elixir Board Meeting","Réunion","This meeting is only open to the ELIXIR Board and Observers.","13-11-2017","Paris, France","https://www.elixir-europe.org/events/elixir-board-meeting-paris","","","https://www.france-bioinformatique.fr/sites/default/files/logo_elixir.png"
"ELIXIR Innovation and SME Forum: Data Driven Innovation in Rare Diseases and Personalised Medicine","Autre","IFB will host the next ELIXIR Innovation and SME Forum: Data Driven Innovation in Rare Diseases & Personalised Medicine.","14-11-2017","Paris, France","https://www.elixir-europe.org/events/elixir-innovation-and-sme-forum-data-driven...","","","https://www.france-bioinformatique.fr/sites/default/files/elixir_node_france.png"
"Analyse de données NGS sous Galaxy","Formation","","14-11-2017 to 16-11-2017","Villeurbanne","","","","https://www.france-bioinformatique.fr/sites/default/files/150x150.png"
"Analyse de données RNA-seq sous l’environnement Galaxy ","Formation","Acquérir les connaissances générales sur les méthodes de séquençage à haut-débit...","15-11-2017 to 17-11-2017","Lyon","http://www.biosciencesco.fr/formation-continue/bio-informatique/analyse-des-donn...","","","https://www.france-bioinformatique.fr/sites/default/files/logoPRABI_2.png"
"Fouille de données et analyse de données NGS avec R","Formation","","19-11-2017 to 22-11-2017","CBiB","","","","https://www.france-bioinformatique.fr/sites/default/files/150x150.png"
"Analyse RNA-seq de novo","Formation","","21-11-2017 to 23-11-2017","Villeurbanne","","","","https://www.france-bioinformatique.fr/sites/default/files/150x150.png"
"Linux Initiation","Formation","","27-11-2017","Roscoff","","","","https://www.france-bioinformatique.fr/sites/default/files/150x150.png"
"Linux advanced","Formation","","28-11-2017","Roscoff","","","","https://www.france-bioinformatique.fr/sites/default/files/150x150.png"
"MicroScope: formation avancée","Formation","","03-12-2017 to 04-12-2017","Université d'Evry Val d'Essonne","","","","https://www.france-bioinformatique.fr/sites/default/files/150x150.png"
"Cluster usage","Formation","","03-12-2017","Roscoff","","","","https://www.france-bioinformatique.fr/sites/default/files/150x150.png"
"Formation ""Plateforme MicroScope - Cours avancé""","Formation","Approfondissement des outils majeurs de la plateforme MicroScope","04-12-2017 to 05-12-2017","Evry, France","https://www.genoscope.cns.fr/agc/microscope/training","","","https://www.france-bioinformatique.fr/sites/default/files/logolabgem_0.png"
"Cycle « Analyse de données de séquençage à haut-débit » - Module 5/5 : Métagénomique","Formation","Formation ""Métagénomique""","06-12-2017 to 08-12-2017","Université de Lille","https://wikis.univ-lille1.fr/bilille/formation","","","https://www.france-bioinformatique.fr/sites/default/files/logo_bilille_complet_120_120_6.png"
"mmc-idf : Plan de Mutualisation des Moyens de Calcul de l'INSERM","Réunion","Le Groupe Infrastructures Numériques du Pôle Infrastructures de l'Inserm met en place le Plan Mutualisation des Moyens de Calcul","11-12-2017","3 rue Michel Ange, 75016 Paris","https://mmc-idf.sciencesconf.org/","","","https://www.france-bioinformatique.fr/sites/default/files/logo_sciences_conf.png"
"Reproductibilité des analyses de données bioinformatiques","Autre","Avec le soutien du GDR MaDICS et du groupe de travail UPsay CompBio...","12-12-2017","Gif sur Yvette","https://ifb-elixirfr.github.io/ReproHackathon/pleniere2017","","","https://www.france-bioinformatique.fr/sites/default/files/logo-cnrs_0_1.png"
"From RNA-Seq data to bioinformatics analysis using Nanopore sequencers","Formation","One-day workshop dedicated to transcriptome studies using the MinION","13-12-2017","2 rue Gaston crémieux, Evry","http://www.genoscope.cns.fr/externe/rna_workshop/","France Génomique","","https://www.france-bioinformatique.fr/sites/default/files/logo-cea_0_0.png"
"Introduction à la Phylogénie Moléculaire : Concepts, méthodes et interprétation","Formation"," Le C3BI propose des cours pour acquérir les notions théoriques de phylogénie et maitriser les outils et logiciels.","17-12-2017 to 21-12-2017","Institut Pasteur","","","","https://www.france-bioinformatique.fr/sites/default/files/150x150.png"
"Formation BioMAJ ","Formation","","17-12-2017 to 18-12-2017","Vitry","","","","https://www.france-bioinformatique.fr/sites/default/files/150x150.png"
"Galaxy initiation, RNAseq, SARTools","Formation","Course for biologists aiming at learning RNAseq analysis on Galaxy environment.","29-01-2018 to 31-01-2018","Inra, 24 ch. de Borderouge, Auzeville","http://bioinfo.genotoul.fr/index.php/events/galaxy-initiation-rnaseq-sartools/","","","https://www.france-bioinformatique.fr/sites/default/files/Sig_Genotoul_1_1_2.jpg"
"Reads alignment and small size variants calling with Galaxy","Formation","Introduction to NGS data, in particular Illumina technologies.","01-02-2018 to 02-02-2018","Inra, 24 ch. de Borderouge, Auzeville","http://bioinfo.genotoul.fr/index.php/events/reads-alignment-and-small-size-varia...","Genotoul","","https://www.france-bioinformatique.fr/sites/default/files/Sig_Genotoul_1_1_3.jpg"
"RNAseq de novo assembly - Genotoul","Formation","Training course for bio-informaticians and biologists aiming at introduce analysis of sequences","06-02-2018","Inra, 24 ch. de Borderouge, Auzeville","http://bioinfo.genotoul.fr/index.php/events/rnaseq-de-novo-assembly/","","","https://www.france-bioinformatique.fr/sites/default/files/Sig_Genotoul_1_1_0.jpg"
"MOD2018","Autre"," Axée sur les technologies pour l'assemblage des génomes et sur les applications en Santé et en Environnement.","08-02-2018 to 09-02-2018","campus du Triolet, Université de Montpellier","https://www.montpellier-omics-days.fr/","","","https://www.france-bioinformatique.fr/sites/default/files/index.png"
"Administration Galaxy","Formation","","26-02-2018","Mésocentre Clermont Auvergne","","","","https://www.france-bioinformatique.fr/sites/default/files/150x150.png"
"Administration Galaxy","Formation","Installer, configurer, et customiser un serveur Galaxy. Avoir les bonnes pratiques d’installation et gestion d’un serveur Galaxy.","26-02-2018","Mésocentre Clermont Auvergne","","","","https://www.france-bioinformatique.fr/sites/default/files/150x150.png"
"Analyse RNA-seq sous Galaxy","Formation","","05-03-2018","Rennes","","","","https://www.france-bioinformatique.fr/sites/default/files/150x150.png"
"Linux For Dummies","Formation","","11-03-2018","Centre IRD, Montpellier","","","","https://www.france-bioinformatique.fr/sites/default/files/150x150.png"
" Linux For Jedi","Formation","","12-03-2018","Centre IRD, Montpellier","","","","https://www.france-bioinformatique.fr/sites/default/files/150x150.png"
"NGS et Cancer (Canceropôle) : Analyse DNASeq","Formation","","13-03-2018","","","","","https://www.france-bioinformatique.fr/sites/default/files/150x150.png"
"NGS et Cancer (Canceropôle) : Analyse A-RNASeq","Formation","","13-03-2018","","","","","https://www.france-bioinformatique.fr/sites/default/files/150x150.png"
"NGS et Cancer (Canceropôle) : Analyse épigénomique","Formation","","13-03-2018","","","","","https://www.france-bioinformatique.fr/sites/default/files/150x150.png"
"IFSBM (UFR medecine paris sud) : Big Data","Formation","","13-03-2018","","","","","https://www.france-bioinformatique.fr/sites/default/files/150x150.png"
"Galaxy - Initiation","Formation","","14-03-2018","ROSCOFF","","","","https://www.france-bioinformatique.fr/sites/default/files/150x150.png"
"High-performance computing Course","Formation"," This course provides a general introduction to High Performance Computing (HPC) using the HPC South green clusters.","14-03-2018","Centre IRD, Montpellier","https://southgreenplatform.github.io/trainings//HPC/","","","https://www.france-bioinformatique.fr/sites/default/files/150x150.png"
"RNASeq analyses (using Galaxy and TOGGLe)","Formation","This course offers an introduction to RNASeq analyses using two different workflow management systems: Galaxy and TOGGLe","15-03-2018","Centre IRD, Montpellier","https://southgreenplatform.github.io/trainings//rnaseq/","","","https://www.france-bioinformatique.fr/sites/default/files/150x150.png"
"Détection  de  variants à partir de données NGS","Formation","","18-03-2018","Université Montpellier 1","","","","https://www.france-bioinformatique.fr/sites/default/files/150x150.png"
"Analyse de séquences","Formation","","18-03-2018 to 22-03-2018","Institut Pasteur","https://c3bi.pasteur.fr/training-analyse-de-sequences/","","","https://www.france-bioinformatique.fr/sites/default/files/150x150.png"
"Initiation to NGS Workflow Managers developed within the South Green Platform: Galaxy and TOGGLe","Formation","This course provides introduction to workfow managers to quickly develop and run their own pipelines.","22-03-2018","Centre IRD, Montpellier","https://southgreenplatform.github.io/trainings//galaxyToggle/","","","https://www.france-bioinformatique.fr/sites/default/files/150x150.png"
"Train the Trainers","Formation","ELIXIR-EXCELERATE Train-the-Trainers (TtT)","26-03-2018 to 27-03-2018","l'Institut Pasteur","","IFB","","https://www.france-bioinformatique.fr/sites/default/files/trT_image.png"
"Train the Trainers","Formation","ELIXIR-EXCELERATE Train-the-Trainers (TtT)","26-03-2018 to 27-03-2018","l'Institut Pasteur","","IFB","","https://www.france-bioinformatique.fr/sites/default/files/elixir_node_france_0.png"
"ELIXIR Software Carpentry Workshop","Formation","Teaching basic lab skill for Research Computing","28-03-2018 to 29-03-2018","l'Institut Pasteur (Paris)","","IFB","","https://www.france-bioinformatique.fr/sites/default/files/ifb_logo_1.png"
"ELIXIR Software Carpentry Workshop","Formation","Teaching basic lab skill for Research Computing","28-03-2018 to 29-03-2018","l'Institut Pasteur (Paris)","","IFB","","https://www.france-bioinformatique.fr/sites/default/files/paris_archi.png"
"Metagenomic: amplicons and stats","Formation","Familiarization with the hardware infrastructure, biological data banks and widely used bioinformatics softwares ...","09-04-2018 to 12-04-2018","Inra, 24 ch. de Borderouge, Auzeville","http://bioinfo.genotoul.fr/index.php/events/metagenomic-amplicons-and-stats-2/","","","https://www.france-bioinformatique.fr/sites/default/files/Sig_Genotoul_1_1_4.jpg"
"Metabarcoding analyses (using FROGS in Galaxy and Phyloseq)","Formation","This course offers an introduction to metabarcoding analyses at two different levels (FROGS pipeline, PhyloSeq R package).","22-04-2018","Centre IRD, Montpellier","https://southgreenplatform.github.io/trainings//metabarcoding/","","","https://www.france-bioinformatique.fr/sites/default/files/150x150.png"
"Launching  ProteoRE infrastructure","Autre","IFB is launching a galaxy user-oriented web-based platform for MS-based proteomics data exploration","04-05-2018","","","Valentin LOUX, Yves VANDENBROUCK","","https://www.france-bioinformatique.fr/sites/default/files/proteore.png"
"Launching  ProteoRE infrastructure","Autre","IFB is launching a galaxy user-oriented web-based platform for MS-based proteomics data exploration","04-05-2018","","","Valentin LOUX, Yves VANDENBROUCK","","https://www.france-bioinformatique.fr/sites/default/files/quai_automne_738105092.jpg"
"analyse de données metabarcoding","Formation","introduire les concepts clés liés aux analyses de metabarcoding et les illustrer au moyen de cas concrets d’analyse","13-05-2018 to 17-05-2018","ROSCOFF","http://tiny.ifremer.fr/formation-metabarcoding-2018","","","https://www.france-bioinformatique.fr/sites/default/files/Pre%CC%81sentation1.jpg"
"MicroScope Open Days","Réunion","Journées utilisateurs de la plateforme MicroScope.","14-05-2018 to 15-05-2018","Institut Pasteur Paris","","","","https://www.france-bioinformatique.fr/sites/default/files/events/quai_automne_73810509.jpg"
"MicroScope Open Days","Réunion","Journées utilisateurs de la plateforme MicroScope.","14-05-2018 to 15-05-2018","Institut Pasteur Paris","","","","https://www.france-bioinformatique.fr/sites/default/files/microscope.png"
"Anniversary RSAT/GINsim","Formation","RSAT and GINsim are reaching their 20th and 15th anniversary, respectively.","16-05-2018 to 17-05-2018","Ecole Normale Supérieure Paris","https://www.ibens.ens.fr/spip.php?article350&lang=fr","IFB","","https://www.france-bioinformatique.fr/sites/default/files/rsat_20_anniversary-4e8db.jpg"
"RNAseq de novo assembly - Genotoul (second session)","Formation","Training course for bio-informaticians and biologists aiming at introduce analysis of sequences","05-06-2018","Inra, 24 ch. de Borderouge, Auzeville","http://bioinfo.genotoul.fr/index.php/events/rnaseq-de-novo-assembly-2/","","","https://www.france-bioinformatique.fr/sites/default/files/Sig_Genotoul_1_1_1.jpg"
"Détection et annotation des éléments transposables dans les génomes eucaryotes","Formation","L'URGI organise une formation sur la détection et l'annotation des éléments transposables par les pipelines REPET. ","11-06-2018 to 13-06-2018","URGI - INRA de Versailles ","https://urgi.versailles.inra.fr/About-us/News/Training-on-annotation-of-transpos...","","","https://www.france-bioinformatique.fr/sites/default/files/LogoSite_urgi.jpg"
"Integrative Bioinformatics Symposium 2018","Formation","Bring together experts in the field of bioinformatics, computer science, statistics, computational and systems biology","13-06-2018 to 15-06-2018","Rothamsted Research, Harpenden, England, United Kingdom","https://www.rothamsted.ac.uk/events/14th-international-symposium-integrative-bio...","Elixir","","https://www.france-bioinformatique.fr/sites/default/files/Logo_elixir.png"
"Ecole thématique CNRS 2018","Formation","Transcriptomique et épigénomique en cellule unique: théorie et pratique (sincellTE)","17-06-2018 to 22-06-2018","Station Biologique Roscoff","","IFB","","https://www.france-bioinformatique.fr/sites/default/files/sincellTE_image_0.jpg"
"Ecole thématique CNRS 2018","Formation","Transcriptomique et épigénomique en cellule unique: théorie et pratique (sincellTE)","17-06-2018 to 22-06-2018","Station Biologique Roscoff","","IFB","","https://www.france-bioinformatique.fr/sites/default/files/sincellTE_logo_0.png"
"Genopole Summer School 2018","Formation","Bioinformatic and Biostatistic tools in medical genomics","25-06-2018 to 29-06-2018","Châteauform' Seine Port (77)","","IFB","","https://www.france-bioinformatique.fr/sites/default/files/ThinkstockPhotos-466961269_0.jpg"
"Genopole Summer School 2018","Formation","Bioinformatic and Biostatistic tools in medical genomics","25-06-2018 to 29-06-2018","Châteauform' Seine Port (77)","","IFB","","https://www.france-bioinformatique.fr/sites/default/files/genopolelogo_0.jpg"
"ChIP-seq, RNA-seq et Hi-C : traitement, analyse et visualisation de données ","Formation","Maîtriser les principales méthodes et outils d'analyse des données ChIP-seq, RNA-seq et Hi=C ","26-06-2018 to 29-06-2018","Montpellier","https://cnrsformation.cnrs.fr/stage-18246-ChIP-seq%2C-RNA-seq-et-Hi-C--traitemen...","IGMM Montpellier","","https://www.france-bioinformatique.fr/sites/default/files/logo-cnrs_0_2.png"
"Elixir Training: Plant Genome Assembly and Annotation","Formation","The course is aimed at researchers interested in learning more about genome assembly and annotation","24-09-2018 to 28-09-2018","Cirad Montpellier","","Elixir-FR, IFB, CIRAD","","https://www.france-bioinformatique.fr/sites/default/files/elixir_node_france_0_0.png"
"Elixir Training: Plant Genome Assembly and Annotation","Formation","The course is aimed at researchers interested in learning more about genome assembly and annotation","24-09-2018 to 28-09-2018","Cirad Montpellier","","Elixir-FR, IFB, CIRAD","","https://www.france-bioinformatique.fr/sites/default/files/cirad-campus-baillarguet.-m.-dufour.-c3.jpg"
"Hommage à Christophe Caron","Autre","Journée hommage à notre collègue et ami, Christophe.","28-09-2018","INRA de Jouy-en-Josas","","IFB, INRA, CNRS, MethaboHub","CNRS - IFB, INRA - Ingénum","https://www.france-bioinformatique.fr/sites/default/files/3737%20pour%20Christophe.jpg"
"Hommage à Christophe Caron","Autre","Journée hommage à notre collègue et ami, Christophe.","28-09-2018","INRA de Jouy-en-Josas","","IFB, INRA, CNRS, MethaboHub","CNRS - IFB, INRA - Ingénum","https://www.france-bioinformatique.fr/sites/default/files/ChristopheCaron%20-%20150.png"
"Installing and Managing a High-Performance Computing (HPC) Cluster ","Formation","This course ran for 5 days covering all the concepts necessary to  install and manage a high-performance computing (HPC) cluster. ","30-09-2018 to 04-10-2018","CERAAS, Thiès (Sénégal)","https://southgreenplatform.github.io/trainings//ngsTrainings/","","","https://www.france-bioinformatique.fr/sites/default/files/150x150.png"
"Analyse de données NGS dédiée à la génomique végétale en Afrique de l'Ouest","Formation","Cette formation présente les technologies de séquençages et les différentes analyses possibles pour exploiter ces données.","03-10-2018 to 11-10-2018","CERAAS, Thiès (Sénégal)","https://southgreenplatform.github.io/trainings//ngsTrainings/","","","https://www.france-bioinformatique.fr/sites/default/files/150x150.png"
"Data analysis","Formation","","07-10-2018 to 11-10-2018","Ecole Normale Supérieure","https://www.enseignement.biologie.ens.fr/spip.php?article91","","","https://www.france-bioinformatique.fr/sites/default/files/150x150.png"
"W4E 2018","Formation","During this one-week course, participants will learn how to use the W4M infrastructure to analyze their own dataset.","08-10-2018 to 12-10-2018","Pasteur Institute - Paris","http://workflow4metabolomics.org/W4E2018","IFB","","https://www.france-bioinformatique.fr/sites/default/files/workflow4metabolomics.png"
"Formation au logiciel R","Formation","Formation à  l'utilisation de R appliqué à la bioinformatique","08-10-2018 to 10-10-2018","Lyon","https://www.biosciencesco.fr/formations/bio-informatique/formation-au-logiciel-r...","","","https://www.france-bioinformatique.fr/sites/default/files/PRABI.png"
"Building a FAIR Bioinformatics environment","Autre","Building a FAIR Bioinformatics environment","22-10-2018 to 24-10-2018","Genoa, Italy","http://www.igst.it/nettab/2018/","","","https://www.france-bioinformatique.fr/sites/default/files/nettab304_bestLogo.jpg"
"International Symposium on Environmental and Agronomical Genomics","Autre","This symposium takes stock of recent contributions of genomics in environmental and agronomic biology.","05-11-2018 to 07-11-2018","Cité Internationale Universitaire de Paris. 17 Boulevard Jourdan – 75014 Paris","https://www.france-genomique.org/symposium2018/","","","https://www.france-bioinformatique.fr/sites/default/files/france_bioinformatique.jpg"
"Linux/Unix","Formation","This training session has been designed to familiarize yourself with the platform resources and its organization.","12-11-2018","Auzeville-Tolosane","http://bioinfo.genotoul.fr/index.php/events/linux-2/","Genotoul bioinfo platform","","https://www.france-bioinformatique.fr/sites/default/files/logo_ifb_4.png"
"BioHackathon 2018","Autre","BioHackathon activities are driven by practical sessions where people gather, discuss, and implement ideas/projects","12-11-2018 to 16-11-2018","Campus des berges de Seine","http://bh2018paris.info/index.html","IFB, Elixir","","https://www.france-bioinformatique.fr/sites/default/files/elixir_node_france_0_1.png"
"Analyse des données RNA-Seq sous l'environnement Galaxy","Formation","Analyse des données RNA-Seq sous l'environnement Galaxy","13-11-2018 to 15-11-2018","Lyon","https://www.biosciencesco.fr/formations/bio-informatique/analyse-des-donnees-rna...","","","https://www.france-bioinformatique.fr/sites/default/files/PRABI_0.png"
"RNASeq alignment and transcripts assemblies","Formation","RNAseq analysis","14-11-2018 to 15-11-2018","Auzeville-Tolosane","http://bioinfo.genotoul.fr/index.php/events/rnaseq-alignment-and-transcripts-ass...","","","https://www.france-bioinformatique.fr/sites/default/files/bioinfo_logo-RVB_2.jpg"
"7ème école de bioinformatique AVIESAN-IFB","Formation","Initiation au traitement des données de génomique obtenues par séquençage à haut débit","25-11-2018 to 30-11-2018","Station biologique de Roscoff","","IFB, Aviesan","","https://www.france-bioinformatique.fr/sites/default/files/EBA2016_0_1_1.jpg"
"7ème école de bioinformatique AVIESAN-IFB","Formation","Initiation au traitement des données de génomique obtenues par séquençage à haut débit","25-11-2018 to 30-11-2018","Station biologique de Roscoff","","IFB, Aviesan","","https://www.france-bioinformatique.fr/sites/default/files/image002_ADN.png"
"WAVES Training","Formation","We organize a workshop to train users to WAVES, a Web Application for Versatile Enhanced Bioinformatic Services","18-12-2018","Institut Pasteur (Paris)","","Pasteur, ATGC","","https://www.france-bioinformatique.fr/sites/default/files/ATGC-banner-1024v2.jpg"
"Assemblée Générale de l'IFB 2018","Réunion","Bilan des activités IFB 2017-2018 et état d’avancement des projets en cours dans le cadre du plan d’actions 2018-2021","19-12-2018","Jussieu (Paris 5ème)","https://ifb-ag.sciencesconf.org/","IFB","","https://www.france-bioinformatique.fr/sites/default/files/logo_ifb_4_0.png"
"INTRODUCTION À L'ANALYSE DE DONNÉES","Formation","","13-01-2019 to 07-02-2019","Institut Pasteur","https://www.pasteur.fr/fr/introduction-data-analysis","","","https://www.france-bioinformatique.fr/sites/default/files/150x150.png"
"Diplôme Universitaire en bioinformatique intégrative 2019","Formation","L'université Paris Diderot en partenariat avec l'IFB propose un diplôme un universitaire en bioinformatique","01-02-2019","Université Paris-Diderot","https://www.france-bioinformatique.fr/fr/du-bii","","","https://www.france-bioinformatique.fr/sites/default/files/LogoUnivParisDiderot_1024px_1.jpg"
"Ecole single-cell 2019","Formation","Transcriptomique et épigénomique en cellule unique: théorie et pratique (sincellTE)","03-02-2019 to 08-02-2019","Station Biologique Roscoff","","IFB","","https://www.france-bioinformatique.fr/sites/default/files/sincellTE_logo_0_2.png"
"Manual curation of Transposable element annotation","Formation","URGI organizes a BYOD-­style (Bring Your Own Data) training course on manual curation of transposable elements reference sequences","03-02-2019 to 05-02-2019","URGI ­ INRA,  Bat 18 ­ Route de Saint­Cyr ­ RD10, 78026 Versailles Cedex","https://urgi.versailles.inra.fr/Platform/Training/Manual-curation-of-Transposabl...","","","https://www.france-bioinformatique.fr/sites/default/files/Capture%20d%E2%80%99e%CC%81cran%202018-12-05%20a%CC%80%2009.40.29_0.png"
"Ecole single-cell 2019","Formation","Transcriptomique et épigénomique en cellule unique: théorie et pratique (sincellTE)","03-02-2019 to 08-02-2019","Station Biologique Roscoff","","IFB","","https://www.france-bioinformatique.fr/sites/default/files/sincellTE_image_0_0.jpg"
"Gestion de données avec Python : Initiation","Formation","","28-02-2019 to 01-03-2019","Roscoff","","","","https://www.france-bioinformatique.fr/sites/default/files/150x150.png"
"Gestion de données en Python - Avancé   ","Formation","","02-03-2019 to 03-03-2019","Roscoff","","","","https://www.france-bioinformatique.fr/sites/default/files/150x150.png"
"WAVES Training 2019","Formation","We organize a workshop to train users to WAVES, a Web Application for Versatile Enhanced Bioinformatic Services","11-03-2019","Lille","","bilille, ATGC","","https://www.france-bioinformatique.fr/sites/default/files/150x150.png"
"WAVES Training 2019","Formation","We organize a workshop to train users to WAVES, a Web Application for Versatile Enhanced Bioinformatic Services","11-03-2019","Lille","","bilille, ATGC","","https://www.france-bioinformatique.fr/sites/default/files/ATGC-banner-1024v2_0.jpg"
"Formations dans le cadre du Mésocentre","Formation","","12-03-2019","Campus des Cézeaux, Aubière","","","","https://www.france-bioinformatique.fr/sites/default/files/150x150.png"
"Analyse fonctionnelle et interprétation de données de protéomique avec ProteoRE","Formation","Mis en oeuvre des outils de la plate-forme web ProteoRE pour l'annotation des protéomes","14-03-2019 to 15-03-2019","Institut des Systèmes Complexes (ISC-PIF), 113 rue Nationale 75013 Paris","","MIGALE, PRABI","IFB, PROFI","https://www.france-bioinformatique.fr/sites/default/files/proteore_2.png"
"Analyse fonctionnelle et interprétation de données de protéomique avec ProteoRE","Formation","Mis en oeuvre des outils de la plate-forme web ProteoRE pour l'annotation des protéomes","14-03-2019 to 15-03-2019","Institut des Systèmes Complexes (ISC-PIF), 113 rue Nationale 75013 Paris","","MIGALE, PRABI","IFB, PROFI","https://www.france-bioinformatique.fr/sites/default/files/Chambre-Spectro4.jpg"
"ELIXIR Software Carpentry Workshop 2019","Formation","Teaching basic lab skill for Research Computing","15-04-2019 to 16-04-2019","INSTITUT JACQUES MONOD  - Université Paris Diderot/CNRS ","","IFB","","https://www.france-bioinformatique.fr/sites/default/files/paris_archi_0.png"
"ELIXIR Software Carpentry Workshop 2019","Formation","Teaching basic lab skill for Research Computing","15-04-2019 to 16-04-2019","INSTITUT JACQUES MONOD  - Université Paris Diderot/CNRS ","","IFB","","https://www.france-bioinformatique.fr/sites/default/files/logo-ijm-header.jpg"
"Marseille Hackathon Training Event","Formation"," 3-days training session / hackathon in Marseille","23-04-2019 to 26-04-2019","Faculté des science de Luminy, Marseille","https://www.greekc.org/activity/marseille-training-event/","GREEKC COST Action","IFB","https://www.france-bioinformatique.fr/sites/default/files/Logotype_pictogramme-128.png"
"Elixir Galaxy Community - Workshop at Roscoff/France","Formation","Galaxy training and hackathon sessions ","23-04-2019 to 26-04-2019","Station Biologique de Roscoff, France","","","","https://www.france-bioinformatique.fr/sites/default/files/Logo_elixir_0.png"
"Marseille Hackathon Training Event","Formation"," 3-days training session / hackathon in Marseille","23-04-2019 to 26-04-2019","Faculté des science de Luminy, Marseille","https://www.greekc.org/activity/marseille-training-event/","GREEKC COST Action","IFB","https://www.france-bioinformatique.fr/sites/default/files/Marseille-la-nuit-by-F.Laffont-feraud-e1551180827398.jpg"
"Elixir Galaxy Community - Workshop at Roscoff/France","Formation","Galaxy training and hackathon sessions ","23-04-2019 to 26-04-2019","Station Biologique de Roscoff, France","","","","https://www.france-bioinformatique.fr/sites/default/files/pasted%20image%200.png"
"RNaseq with Galaxy ","Formation","","19-05-2019 to 20-05-2019","Roscoff","","","","https://www.france-bioinformatique.fr/sites/default/files/150x150.png"
"Introduction to R Language","Formation","","20-05-2019","CBiB","","","","https://www.france-bioinformatique.fr/sites/default/files/150x150.png"
"Single cell RNA-seq data analysis with R","Formation","This hands-on course covers several aspects of single cell RNA-seq data analysis, ranging from clustering and so on ","27-05-2019 to 29-05-2019","CSC at Keilaranta 14, Espoo, Finland","https://www.csc.fi/web/training/-/scrnaseq","CSC Training Facilities","Elixir EXCELERATE project","https://www.france-bioinformatique.fr/sites/default/files/logo_elixir_0.png"
"Single cell RNA-seq data analysis with R","Formation","This hands-on course covers several aspects of single cell RNA-seq data analysis, ranging from clustering and so on ","27-05-2019 to 29-05-2019","CSC at Keilaranta 14, Espoo, Finland","https://www.csc.fi/web/training/-/scrnaseq","CSC Training Facilities","Elixir EXCELERATE project","https://www.france-bioinformatique.fr/sites/default/files/helsinski_senate_square.jpg"
"Initiation à la programmation pour l’analyse de données génomiques","Formation","","27-05-2019","Lyon","","","","https://www.france-bioinformatique.fr/sites/default/files/150x150.png"
"Introduction au Langage de Programmation R","Formation","La Plateforme BiRD, avec le support du service Focal de la Faculté des Sciences et Techniques, organise une nouvelle formation.","06-06-2019","Faculté de Pharmacie de Nantes","https://pf-bird.univ-nantes.fr/formation/","","","https://www.france-bioinformatique.fr/sites/default/files/logo2-bird.png"
"Genopole Summer School 2019","Formation","Bioinformatic and Biostatistic tools in medical genomics","24-06-2019 to 28-06-2019","Châteauform' Seine Port (77)","https://www.genopole.fr/spip.php?page=rubrique_event&id_rubrique=1108&event=1108...","IFB","","https://www.france-bioinformatique.fr/sites/default/files/genopolelogo_0_0.jpg"
"Genopole Summer School 2019","Formation","Bioinformatic and Biostatistic tools in medical genomics","24-06-2019 to 28-06-2019","Châteauform' Seine Port (77)","https://www.genopole.fr/spip.php?page=rubrique_event&id_rubrique=1108&event=1108...","IFB","","https://www.france-bioinformatique.fr/sites/default/files/ThinkstockPhotos-466961269_0_0.jpg"
"JOBIM 2019","Autre","JOBIM est l'événement annuel permettant de réunir la communauté des acteurs de la bioinformatique.","02-07-2019 to 05-07-2019","Nantes","https://jobim2019.sciencesconf.org/","","","https://www.france-bioinformatique.fr/sites/default/files/jobim_2019_2.png"
"Formation au package R-Shiny","Formation","","09-07-2019 to 10-07-2019","I. Pasteur, Paris","","IFB","","https://www.france-bioinformatique.fr/sites/default/files/150x150.png"
"Functional analysis and interpretation of proteomic data with ProteoRE","Formation","ProteoRE permet d’interpréter des données de protéomique de façon interactive, reproductible et collaborative.","10-07-2019 to 11-07-2019","Campus de Beaulieu, IFSIC, Rennes, FR. Bâtiment/Building 12D, room 102","https://www.biogenouest.org/actualites/article/10-1107-%C2%AB-analyse-fonctionne...","","","https://www.france-bioinformatique.fr/sites/default/files/proteore_0_0.png"
"Initiation au langage R","Formation","Apprendre les principales fonctionnalités du langage R et ses principes","12-09-2019 to 13-09-2019","Jouy en Josas, France","http://migale.jouy.inra.fr/?q=fr/formations#1","Plateforme Migale","","https://www.france-bioinformatique.fr/sites/default/files/logo_migale.png"
"Analyse de données métagénomiques 16S","Formation","Cette formation est dédiée à l'analyse de données de type ""metabarcoding"" issues de la technologie de séquençage Illumina.","16-09-2019 to 18-09-2019","Jouy en Josas","http://migale.jouy.inra.fr/?q=fr/formations","Plateforme Migale","","https://www.france-bioinformatique.fr/sites/default/files/logo_migale_2.png"
"International Symposium on Integrative Bioinformatics 2019","Autre","This Symposium is a annual international event that gather several key actors of the data integration domain","18-09-2019 to 20-09-2019","ISC-PIF,Paris, France","https://symposium.inra.fr/ib2019/","","","https://www.france-bioinformatique.fr/sites/default/files/Logo-INRA_inra_logo.png"
"Assemblage de transcriptome","Formation","Assemblage de novo des transcrits avec Trinity...","25-09-2019 to 27-09-2019","Montpellier","https://southgreen.fr/#1","Plateforme SouthGreen","","https://www.france-bioinformatique.fr/sites/default/files/logo-ifb_RVB_v2_1.jpg"
"BioMAJ Hackaton","Autre","A BioMAJ hackaton will be held at IRISA Rennes the 26th and 27th of september, for people willing to contribute to BioMAJ code.","26-09-2019 to 27-09-2019","IRISA Rennes","","","","https://www.france-bioinformatique.fr/sites/default/files/smalllogobiomaj.png"
"Analyse statistique de données RNA-Seq - Recherche des régions d'intérêt différentiellement exprimées (R, RStudio)","Formation","Se sensibiliser aux concepts et méthodes statistiques pour l'analyse de données transcriptomiques de type RNA-Seq.","26-09-2019 to 27-09-2019","Jouy en Josas","http://migale.jouy.inra.fr/?q=fr/formations#2","Plateforme Migale","","https://www.france-bioinformatique.fr/sites/default/files/logo_migale_0.png"
"BioMAJ Hackaton","Autre","A BioMAJ hackaton will be held at IRISA Rennes the 26th and 27th of september, for people willing to contribute to BioMAJ code.","26-09-2019 to 27-09-2019","IRISA Rennes","","","","https://www.france-bioinformatique.fr/sites/default/files/g4623.png"
"RNASeq Analysis with Galaxy","Formation","RNASeq Analysis with Galaxy","01-10-2019","Roscoff ","http://abims.sb-roscoff.fr/training/courses","ABIMS -SU","","https://www.france-bioinformatique.fr/sites/default/files/abims.png"
"Phylogénie moléculaire","Formation","Introduction théorique et pratique de la phylogénie moléculaire","07-10-2019 to 11-10-2019","Montpellier","https://cnrsformation.cnrs.fr/stage-19015-Phylogenie-moleculaire---Montpellier.h...","Plateforme ATGC","","https://www.france-bioinformatique.fr/sites/default/files/logo_atgc.png"
"Métabolomique","Autre","Principes de la métabolomique et les ressources biostatistiques et bioinformatiques disponibles pour l'analyse de ces données.","15-10-2019","Polytech'Lille, amphi Migeon (rez-de-chaussée), Lille","https://wikis.univ-lille.fr/bilille/metabolo2019","","","https://www.france-bioinformatique.fr/sites/default/files/bilille.png"
"Modify and extract information from large text files","Formation","Modify and extract information from large text files","15-10-2019","INRA Auzeville-Tolosane, France","http://bioinfo.genotoul.fr/index.php/events/modify-and-extract-information-from-...","","","https://www.france-bioinformatique.fr/sites/default/files/logo-ifb_RVB_v2_2.jpg"
"Intiation aux analyses de données NGS - 1","Formation","Une formation offrant des connaissances pluridisciplinaires dans le domaine de la bioinformatique...","21-10-2019","Montpellier","https://sns.edu.umontpellier.fr/fr/master-sciences-numerique-pour-la-sante-montp...","Université Montpellier, master bioinformatique","","https://www.france-bioinformatique.fr/sites/default/files/Logo_BCD-1-300x300.png"
"R introduction","Formation","Cette formation a pour objectif d' acquérir les bases pour l'utilisation du langage R.","22-10-2019 to 23-10-2019","Centre de bioinformatique de Bordeaux (CGFB)","https://cnrsformation.cnrs.fr/stage-19024-Langage-R--introduction.html?axe=98","CNRS formation entreprises","CNRS formation entreprise, LaBRI, Centre de génomique fonctionnelle de Bordeaux  (CGFB)","https://www.france-bioinformatique.fr/sites/default/files/SC_cgfb_0.jpg"
"Analyses NGS avec R","Formation","savoir analyser des séquences de reads NGS, déterminer les ARN messagers différentiellement exprimés et enrichir les résultats","24-10-2019 to 25-10-2019","Centre de bioinformatique de Bordeaux (CGFB)","https://cnrsformation.cnrs.fr/stage-19025-Analyses-NGS-avec-R.html?axe=98","Centre de bioinformatique de Bordeaux en collaboration avec le CNRS formation entreprises","CNRS formation entreprise, LaBRI, Centre de génomique fonctionnelle de Bordeaux  (CGFB)","https://www.france-bioinformatique.fr/sites/default/files/SC_cgfb_1.jpg"
"Analyse avancée de séquences","Formation","Cette formation a pour objectif de : savoir rechercher des informations dans les banques de données, maîtriser les outils...","29-10-2019 to 31-10-2019","Centre de bioinformatique de Bordeaux (CGFB)","https://cnrsformation.cnrs.fr/stage-19019-Analyse-avancee-de-sequences.html?axe=...","CNRS formation entreprises","CNRS formation entreprise, LaBRI, Centre de génomique fonctionnelle de Bordeaux  (CGFB)","https://www.france-bioinformatique.fr/sites/default/files/SC_cgfb.jpg"
"8ème école de bioinformatique AVIESAN-IFB","Formation","Initiation au traitement des données de génomique obtenues par séquençage à haut débit","03-11-2019 to 08-11-2019","la Station biologique de Roscoff","","IFB, Aviesan","","https://www.france-bioinformatique.fr/sites/default/files/EBA2016_0_1_1_0.jpg"
"8ème école de bioinformatique AVIESAN-IFB","Formation","Initiation au traitement des données de génomique obtenues par séquençage à haut débit","03-11-2019 to 08-11-2019","la Station biologique de Roscoff","","IFB, Aviesan","","https://www.france-bioinformatique.fr/sites/default/files/image002_ADN_0.png"
"Intiation aux analyses de données NGS - 2","Formation","Une formation offrant des connaissances pluridisciplinaires dans le domaine de la bioinformatique...","04-11-2019","Montpellier, France","https://sns.edu.umontpellier.fr/fr/master-sciences-numerique-pour-la-sante-montp...","Université Montpellier, master bioinformatique","","https://www.france-bioinformatique.fr/sites/default/files/Logo_BCD-1-300x300_0.png"
"ELIXIR Biohackathon 2019","Formation","BioHackathon activities are driven by practical sessions where people gather, discuss, and implement ideas/projects","18-11-2019 to 22-11-2019","Paris area (berges de Seine)","https://www.biohackathon-europe.org/","Elixir","","https://www.france-bioinformatique.fr/sites/default/files/Logo_elixir_1.png"
"Formation MicroScope 2019","Formation"," Annotation & Analysis Of Prokaryotic Genomes Using The MicroScope Platform","18-11-2019 to 22-11-2019","Université Evry Paris-Saclay","https://www.genoscope.cns.fr/agc/microscope/training","Plateforme MicroScope","","https://www.france-bioinformatique.fr/sites/default/files/MicroScope_logo_0.png"
"Metabarcode","Formation","Metabarcode","02-12-2019 to 06-12-2019","Roscoff ","http://tiny.ifremer.fr/formation-metabarcoding-2019","IFREMER-ABIMS -MIGALE","","https://www.france-bioinformatique.fr/sites/default/files/abims_0.png"
"Administration avancée de HPC à destination d'administrateurs systèmes d'Afrique de l'Ouest","Formation","utilisation avancée de l'administration de HPC à destination d'administrateurs systèmes d'Afrique de l'Ouest","11-01-2020","Université de Ouagadougou, Burkina faso","https://southgreen.fr/","","","https://www.france-bioinformatique.fr/sites/default/files/logo_southgreen.jpg"
"DIPLÔME UNIVERSITAIRE EN BIOINFORMATIQUE INTÉGRATIVE : DU-BII 2020","Formation","","02-03-2020 to 19-06-2020","Université Paris Diderot, France","https://www.france-bioinformatique.fr/fr/diplome-universitaire-en-bioinformatiqu...","","","https://www.france-bioinformatique.fr/sites/default/files/logo-ifb_RVB_v2_3.jpg"
"Formation MicroScope 2020 session 1","Formation","Annotation & Analysis Of Prokaryotic Genomes Using The MicroScope Platform","16-03-2020 to 20-03-2020"," Université Evry Paris-Saclay","https://www.genoscope.cns.fr/agc/microscope/training#1","Plateforme MicroScope","","https://www.france-bioinformatique.fr/sites/default/files/MicroScope_logo_1.png"
"Formation MicroScope 2020 session 2","Formation","Annotation & Analysis Of Prokaryotic Genomes Using The MicroScope Platform","23-11-2020 to 27-11-2020","Université Evry Paris-Saclay","https://www.genoscope.cns.fr/agc/microscope/training#2","Plateforme MicroScope","","https://www.france-bioinformatique.fr/sites/default/files/MicroScope_logo_2.png"
